{
  "initialization_time_control": 0.1338801383972168,
  "execution_time_control": 21.401721954345703,
  "total_time": 21.53560209274292
}