{
  "initialization_time_control": 0.1341385841369629,
  "execution_time_control": 14.762578010559082,
  "total_time": 14.896716594696045
}