{
  "initialization_time_control": 0.13347220420837402,
  "execution_time_control": 117.08724212646484,
  "total_time": 117.22071433067322
}