{
  "initialization_time_control": 0.13416504859924316,
  "execution_time_control": 45.82123589515686,
  "total_time": 45.9554009437561
}