{
  "initialization_time_planning": 0.14818811416625977,
  "execution_time_planning": 17.363751888275146,
  "total_time": 17.511940002441406
}