{
  "initialization_time_planning": 0.13907361030578613,
  "execution_time_planning": 16.072970867156982,
  "total_time": 16.21204447746277
}