{
  "initialization_time_planning": 0.1378180980682373,
  "execution_time_planning": 16.333251476287842,
  "total_time": 16.47106957435608
}